2025-09-17_18-28-38,None,draft.py:2025-09-17_18-28-38
2025-09-17_18-28-54,None,draft.py:2025-09-17_18-28-54
2025-09-17_18-29-12,None,draft.py:2025-09-17_18-29-12
2025-09-17_18-29-43,None,draft.py:2025-09-17_18-29-43
2025-09-17_18-31-51,None,draft.py:2025-09-17_18-31-51
2025-09-17_18-41-29,None,draft.py:2025-09-17_18-41-29
2025-09-17_18-41-46,None,draft.py:2025-09-17_18-41-46
2025-09-17_18-41-55,None,draft.py:2025-09-17_18-41-55
2025-09-22_15-40-20,None,draft.py:2025-09-17_18-41-55
2025-09-23_18-38-54,None,draft.py:2025-09-23_18-38-54
