2025-10-14_15-40-31,None,draft.py:2025-10-14_15-40-31
2025-10-14_15-40-37,None,draft.py:2025-10-14_15-40-31
2025-10-29_12-09-22,None,draft.py:2025-10-29_12-09-22
2025-10-29_12-16-24,None,draft.py:2025-10-29_12-16-24
2025-10-29_12-17-02,None,draft.py:2025-10-29_12-17-02
2025-10-29_12-40-37,None,draft.py:2025-10-29_12-40-37
2025-10-29_12-42-37,None,draft.py:2025-10-29_12-42-37
2025-10-29_12-42-50,None,draft.py:2025-10-29_12-42-50
2025-10-29_12-43-04,None,draft.py:2025-10-29_12-43-04
2025-10-29_12-43-23,None,draft.py:2025-10-29_12-43-04
2025-10-29_12-44-52,None,draft.py:2025-10-29_12-44-52
2025-10-29_12-49-57,None,draft.py:2025-10-29_12-49-57
2025-10-29_12-50-34,None,draft.py:2025-10-29_12-50-34
2025-10-29_12-54-36,None,draft.py:2025-10-29_12-54-36
2025-10-29_12-54-45,None,draft.py:2025-10-29_12-54-45
2025-10-29_12-55-00,None,draft.py:2025-10-29_12-55-00
2025-10-29_13-02-04,None,draft.py:2025-10-29_13-02-04
2025-10-29_13-02-18,None,draft.py:2025-10-29_13-02-18
