2025-11-11_21-22-50,None,draft.py:2025-11-11_21-22-50
2025-11-11_21-23-25,None,draft.py:2025-11-11_21-23-25
2025-11-11_21-23-56,None,draft.py:2025-11-11_21-23-56
2025-11-11_21-24-18,None,draft.py:2025-11-11_21-24-18
2025-11-11_21-25-01,None,draft.py:2025-11-11_21-25-01
2025-11-11_21-27-46,None,draft.py:2025-11-11_21-27-46
2025-11-11_21-27-57,None,draft.py:2025-11-11_21-27-57
2025-11-11_21-28-25,None,draft.py:2025-11-11_21-28-25
2025-11-11_21-29-02,None,draft.py:2025-11-11_21-29-02
2025-11-11_21-31-25,None,draft.py:2025-11-11_21-31-25
2025-11-11_21-31-37,None,draft.py:2025-11-11_21-31-37
2025-11-11_21-32-00,None,draft.py:2025-11-11_21-32-00
2025-11-11_21-33-06,None,draft.py:2025-11-11_21-33-06
2025-11-11_21-34-36,None,draft.py:2025-11-11_21-34-36
2025-11-11_21-35-26,None,draft.py:2025-11-11_21-35-26
2025-11-11_21-36-27,None,draft.py:2025-11-11_21-36-27
2025-11-11_21-37-01,None,draft.py:2025-11-11_21-37-01
