2025-11-21_23-12-28,0,draft.py:2025-11-21_23-12-28
2025-11-21_23-16-36,0,draft.py:2025-11-21_23-16-36
2025-11-21_23-22-27,0,draft.py:2025-11-21_23-22-27
2025-11-21_23-23-48,0,draft.py:2025-11-21_23-22-27
2025-11-21_23-24-31,25,draft.py:2025-11-21_23-24-31
2025-11-21_23-32-32,87,draft.py:2025-11-21_23-32-32
2025-11-21_23-33-03,75,draft.py:2025-11-21_23-33-03
2025-11-21_23-33-19,87,draft.py:2025-11-21_23-33-19
2025-11-21_23-33-57,87,draft.py:2025-11-21_23-33-57
2025-11-21_23-34-22,87,draft.py:2025-11-21_23-34-22
2025-11-21_23-35-31,100,draft.py:2025-11-21_23-35-31
