2025-09-17_17-49-36,None,draft.py:2025-09-17_17-49-36
2025-09-17_17-50-32,None,draft.py:2025-09-17_17-50-32
2025-09-17_17-52-32,None,draft.py:2025-09-17_17-52-32
2025-09-17_17-53-03,None,draft.py:2025-09-17_17-53-03
2025-09-17_17-56-49,None,draft.py:2025-09-17_17-53-03
2025-09-17_17-57-36,None,draft.py:2025-09-17_17-53-03
2025-09-17_17-57-41,None,draft.py:2025-09-17_17-57-41
2025-09-17_17-57-59,None,draft.py:2025-09-17_17-57-59
2025-09-17_17-59-18,None,draft.py:2025-09-17_17-59-18
2025-09-17_17-59-29,None,draft.py:2025-09-17_17-59-29
2025-09-23_18-40-13,None,draft.py:2025-09-23_18-40-13
2025-09-23_22-21-40,None,draft.py:2025-09-23_22-21-40
2025-09-23_22-21-57,None,draft.py:2025-09-23_22-21-57
2025-09-23_22-22-17,None,draft.py:2025-09-23_22-22-17
