2025-09-23_18-43-39,None,draft.py:2025-09-23_18-43-39
2025-09-23_18-43-53,None,draft.py:2025-09-23_18-43-39
2025-09-23_18-44-14,None,draft.py:2025-09-23_18-43-39
2025-09-23_18-45-08,None,draft.py:2025-09-23_18-45-08
2025-09-23_18-45-41,None,draft.py:2025-09-23_18-45-41
2025-09-23_18-46-01,None,draft.py:2025-09-23_18-46-01
2025-09-23_18-46-24,None,draft.py:2025-09-23_18-46-24
2025-09-23_18-47-01,None,draft.py:2025-09-23_18-47-01
2025-09-23_18-47-21,None,draft.py:2025-09-23_18-47-21
2025-09-23_18-47-42,None,draft.py:2025-09-23_18-47-42
2025-09-23_18-47-57,None,draft.py:2025-09-23_18-47-57
2025-09-23_18-48-44,None,draft.py:2025-09-23_18-48-44
2025-09-23_18-49-56,None,draft.py:2025-09-23_18-49-56
